IDX,gender,age,undergrad,r_type,PM_exp,block,choice,Bus_c,Bus_IVT,Bus_OVT_a,Bus_OVT_d1,Bus_OVT_d2,PM_c,PM_IVT,PM_OVT_a,Walk_IVT,DRT_c,DRT_IVT1,DRT_IVT2,DRT_OVT_a,DRT_OVT_d1,DRT_OVT_d2
1,1,30,2,1,1,2,4,1200,15,15,1,7,2250,11,6,45,800,10,15,3,2,15
1,1,30,2,1,1,2,1,1200,10,5,1,7,1800,8,6,35,400,15,20,3,2,15
1,1,30,2,1,1,2,1,1200,10,10,1,7,2250,11,3,45,600,15,20,3,2,15
1,1,30,2,1,1,2,4,1200,5,10,1,7,2700,14,6,25,600,5,10,3,2,15
1,1,30,2,1,1,2,4,1200,10,15,1,7,2250,11,0,25,400,5,10,3,2,15
1,1,30,2,1,1,2,1,1200,15,5,1,7,2700,14,3,25,400,10,15,3,2,15
2,1,22,1,2,2,3,1,1200,5,15,1,7,2700,14,3,45,400,15,20,3,2,15
2,1,22,1,2,2,3,4,1200,15,5,1,7,2250,11,3,35,600,5,10,3,2,15
2,1,22,1,2,2,3,1,1200,5,5,1,7,1800,8,0,45,600,10,15,3,2,15
2,1,22,1,2,2,3,4,1200,10,10,1,7,1800,8,3,25,800,10,15,3,2,15
2,1,22,1,2,2,3,4,1200,10,15,1,7,2700,14,6,35,600,10,15,3,2,15
2,1,22,1,2,2,3,4,1200,15,10,1,7,2700,14,0,35,800,15,20,3,2,15
3,2,21,1,2,1,3,4,1200,5,15,1,7,2700,14,3,45,400,15,20,3,2,15
3,2,21,1,2,1,3,4,1200,15,5,1,7,2250,11,3,35,600,5,10,3,2,15
3,2,21,1,2,1,3,4,1200,5,5,1,7,1800,8,0,45,600,10,15,3,2,15
3,2,21,1,2,1,3,4,1200,10,10,1,7,1800,8,3,25,800,10,15,3,2,15
3,2,21,1,2,1,3,4,1200,10,15,1,7,2700,14,6,35,600,10,15,3,2,15
3,2,21,1,2,1,3,3,1200,15,10,1,7,2700,14,0,35,800,15,20,3,2,15
4,2,22,1,1,1,2,4,1200,15,15,1,7,2250,11,6,45,800,10,15,3,2,15
4,2,22,1,1,1,2,4,1200,10,5,1,7,1800,8,6,35,400,15,20,3,2,15
4,2,22,1,1,1,2,4,1200,10,10,1,7,2250,11,3,45,600,15,20,3,2,15
4,2,22,1,1,1,2,4,1200,5,10,1,7,2700,14,6,25,600,5,10,3,2,15
4,2,22,1,1,1,2,4,1200,10,15,1,7,2250,11,0,25,400,5,10,3,2,15
4,2,22,1,1,1,2,4,1200,15,5,1,7,2700,14,3,25,400,10,15,3,2,15
5,2,22,1,1,1,3,4,1200,5,15,1,7,2700,14,3,45,400,15,20,3,2,15
5,2,22,1,1,1,3,4,1200,15,5,1,7,2250,11,3,35,600,5,10,3,2,15
5,2,22,1,1,1,3,4,1200,5,5,1,7,1800,8,0,45,600,10,15,3,2,15
5,2,22,1,1,1,3,4,1200,10,10,1,7,1800,8,3,25,800,10,15,3,2,15
5,2,22,1,1,1,3,4,1200,10,15,1,7,2700,14,6,35,600,10,15,3,2,15
5,2,22,1,1,1,3,4,1200,15,10,1,7,2700,14,0,35,800,15,20,3,2,15
6,1,22,1,2,1,3,4,1200,5,15,1,7,2700,14,3,45,400,15,20,3,2,15
6,1,22,1,2,1,3,4,1200,15,5,1,7,2250,11,3,35,600,5,10,3,2,15
6,1,22,1,2,1,3,1,1200,5,5,1,7,1800,8,0,45,600,10,15,3,2,15
6,1,22,1,2,1,3,4,1200,10,10,1,7,1800,8,3,25,800,10,15,3,2,15
6,1,22,1,2,1,3,4,1200,10,15,1,7,2700,14,6,35,600,10,15,3,2,15
6,1,22,1,2,1,3,4,1200,15,10,1,7,2700,14,0,35,800,15,20,3,2,15
7,1,22,1,1,1,3,4,1200,5,15,1,7,2700,14,3,45,400,15,20,3,2,15
7,1,22,1,1,1,3,4,1200,15,5,1,7,2250,11,3,35,600,5,10,3,2,15
7,1,22,1,1,1,3,1,1200,5,5,1,7,1800,8,0,45,600,10,15,3,2,15
7,1,22,1,1,1,3,4,1200,10,10,1,7,1800,8,3,25,800,10,15,3,2,15
7,1,22,1,1,1,3,4,1200,10,15,1,7,2700,14,6,35,600,10,15,3,2,15
7,1,22,1,1,1,3,4,1200,15,10,1,7,2700,14,0,35,800,15,20,3,2,15
8,1,22,1,1,1,2,4,1200,15,15,1,7,2250,11,6,45,800,10,15,3,2,15
8,1,22,1,1,1,2,4,1200,10,5,1,7,1800,8,6,35,400,15,20,3,2,15
8,1,22,1,1,1,2,2,1200,10,10,1,7,2250,11,3,45,600,15,20,3,2,15
8,1,22,1,1,1,2,4,1200,5,10,1,7,2700,14,6,25,600,5,10,3,2,15
8,1,22,1,1,1,2,4,1200,10,15,1,7,2250,11,0,25,400,5,10,3,2,15
8,1,22,1,1,1,2,4,1200,15,5,1,7,2700,14,3,25,400,10,15,3,2,15
9,2,25,1,1,1,2,4,1200,15,15,1,7,2250,11,6,45,800,10,15,3,2,15
9,2,25,1,1,1,2,4,1200,10,5,1,7,1800,8,6,35,400,15,20,3,2,15
9,2,25,1,1,1,2,4,1200,10,10,1,7,2250,11,3,45,600,15,20,3,2,15
9,2,25,1,1,1,2,3,1200,5,10,1,7,2700,14,6,25,600,5,10,3,2,15
9,2,25,1,1,1,2,3,1200,10,15,1,7,2250,11,0,25,400,5,10,3,2,15
9,2,25,1,1,1,2,4,1200,15,5,1,7,2700,14,3,25,400,10,15,3,2,15
10,1,23,1,1,2,2,4,1200,15,15,1,7,2250,11,6,45,800,10,15,3,2,15
10,1,23,1,1,2,2,4,1200,10,5,1,7,1800,8,6,35,400,15,20,3,2,15
10,1,23,1,1,2,2,1,1200,10,10,1,7,2250,11,3,45,600,15,20,3,2,15
10,1,23,1,1,2,2,3,1200,5,10,1,7,2700,14,6,25,600,5,10,3,2,15
10,1,23,1,1,2,2,4,1200,10,15,1,7,2250,11,0,25,400,5,10,3,2,15
10,1,23,1,1,2,2,4,1200,15,5,1,7,2700,14,3,25,400,10,15,3,2,15
11,1,26,2,1,2,2,4,1200,15,15,1,7,2250,11,6,45,800,10,15,3,2,15
11,1,26,2,1,2,2,4,1200,10,5,1,7,1800,8,6,35,400,15,20,3,2,15
11,1,26,2,1,2,2,4,1200,10,10,1,7,2250,11,3,45,600,15,20,3,2,15
11,1,26,2,1,2,2,1,1200,5,10,1,7,2700,14,6,25,600,5,10,3,2,15
11,1,26,2,1,2,2,4,1200,10,15,1,7,2250,11,0,25,400,5,10,3,2,15
11,1,26,2,1,2,2,4,1200,15,5,1,7,2700,14,3,25,400,10,15,3,2,15
12,2,26,1,2,2,3,4,1200,5,15,1,7,2700,14,3,45,400,15,20,3,2,15
12,2,26,1,2,2,3,4,1200,15,5,1,7,2250,11,3,35,600,5,10,3,2,15
12,2,26,1,2,2,3,1,1200,5,5,1,7,1800,8,0,45,600,10,15,3,2,15
12,2,26,1,2,2,3,2,1200,10,10,1,7,1800,8,3,25,800,10,15,3,2,15
12,2,26,1,2,2,3,4,1200,10,15,1,7,2700,14,6,35,600,10,15,3,2,15
12,2,26,1,2,2,3,4,1200,15,10,1,7,2700,14,0,35,800,15,20,3,2,15
13,2,26,1,2,2,1,1,1200,10,5,1,7,2700,14,0,45,800,5,10,3,2,15
13,2,26,1,2,2,1,1,1200,5,5,1,7,2250,11,6,25,800,15,20,3,2,15
13,2,26,1,2,2,1,4,1200,5,15,1,7,1800,8,3,35,800,5,10,3,2,15
13,2,26,1,2,2,1,2,1200,15,15,1,7,1800,8,0,25,600,15,20,3,2,15
13,2,26,1,2,2,1,4,1200,5,10,1,7,2250,11,0,35,400,10,15,3,2,15
13,2,26,1,2,2,1,4,1200,15,10,1,7,1800,8,6,45,400,5,10,3,2,15
14,2,26,1,1,1,3,4,1200,5,15,1,7,2700,14,3,45,400,15,20,3,2,15
14,2,26,1,1,1,3,4,1200,15,5,1,7,2250,11,3,35,600,5,10,3,2,15
14,2,26,1,1,1,3,4,1200,5,5,1,7,1800,8,0,45,600,10,15,3,2,15
14,2,26,1,1,1,3,4,1200,10,10,1,7,1800,8,3,25,800,10,15,3,2,15
14,2,26,1,1,1,3,4,1200,10,15,1,7,2700,14,6,35,600,10,15,3,2,15
14,2,26,1,1,1,3,4,1200,15,10,1,7,2700,14,0,35,800,15,20,3,2,15
15,1,23,1,1,2,3,4,1200,5,15,1,7,2700,14,3,45,400,15,20,3,2,15
15,1,23,1,1,2,3,1,1200,15,5,1,7,2250,11,3,35,600,5,10,3,2,15
15,1,23,1,1,2,3,1,1200,5,5,1,7,1800,8,0,45,600,10,15,3,2,15
15,1,23,1,1,2,3,2,1200,10,10,1,7,1800,8,3,25,800,10,15,3,2,15
15,1,23,1,1,2,3,4,1200,10,15,1,7,2700,14,6,35,600,10,15,3,2,15
15,1,23,1,1,2,3,1,1200,15,10,1,7,2700,14,0,35,800,15,20,3,2,15
16,2,28,1,2,1,1,4,1200,10,5,1,7,2700,14,0,45,800,5,10,3,2,15
16,2,28,1,2,1,1,1,1200,5,5,1,7,2250,11,6,25,800,15,20,3,2,15
16,2,28,1,2,1,1,4,1200,5,15,1,7,1800,8,3,35,800,5,10,3,2,15
16,2,28,1,2,1,1,3,1200,15,15,1,7,1800,8,0,25,600,15,20,3,2,15
16,2,28,1,2,1,1,1,1200,5,10,1,7,2250,11,0,35,400,10,15,3,2,15
16,2,28,1,2,1,1,4,1200,15,10,1,7,1800,8,6,45,400,5,10,3,2,15
17,2,26,1,3,2,1,3,1200,10,5,1,7,2700,14,0,45,800,5,10,3,2,15
17,2,26,1,3,2,1,3,1200,5,5,1,7,2250,11,6,25,800,15,20,3,2,15
17,2,26,1,3,2,1,3,1200,5,15,1,7,1800,8,3,35,800,5,10,3,2,15
17,2,26,1,3,2,1,3,1200,15,15,1,7,1800,8,0,25,600,15,20,3,2,15
17,2,26,1,3,2,1,3,1200,5,10,1,7,2250,11,0,35,400,10,15,3,2,15
17,2,26,1,3,2,1,3,1200,15,10,1,7,1800,8,6,45,400,5,10,3,2,15
18,1,26,2,1,2,1,4,1200,10,5,1,7,2700,14,0,45,800,5,10,3,2,15
18,1,26,2,1,2,1,3,1200,5,5,1,7,2250,11,6,25,800,15,20,3,2,15
18,1,26,2,1,2,1,4,1200,5,15,1,7,1800,8,3,35,800,5,10,3,2,15
18,1,26,2,1,2,1,3,1200,15,15,1,7,1800,8,0,25,600,15,20,3,2,15
18,1,26,2,1,2,1,4,1200,5,10,1,7,2250,11,0,35,400,10,15,3,2,15
18,1,26,2,1,2,1,4,1200,15,10,1,7,1800,8,6,45,400,5,10,3,2,15
19,1,26,2,1,2,3,4,1200,5,15,1,7,2700,14,3,45,400,15,20,3,2,15
19,1,26,2,1,2,3,4,1200,15,5,1,7,2250,11,3,35,600,5,10,3,2,15
19,1,26,2,1,2,3,1,1200,5,5,1,7,1800,8,0,45,600,10,15,3,2,15
19,1,26,2,1,2,3,3,1200,10,10,1,7,1800,8,3,25,800,10,15,3,2,15
19,1,26,2,1,2,3,4,1200,10,15,1,7,2700,14,6,35,600,10,15,3,2,15
19,1,26,2,1,2,3,1,1200,15,10,1,7,2700,14,0,35,800,15,20,3,2,15
20,1,26,2,1,2,1,4,1200,10,5,1,7,2700,14,0,45,800,5,10,3,2,15
20,1,26,2,1,2,1,3,1200,5,5,1,7,2250,11,6,25,800,15,20,3,2,15
20,1,26,2,1,2,1,4,1200,5,15,1,7,1800,8,3,35,800,5,10,3,2,15
20,1,26,2,1,2,1,3,1200,15,15,1,7,1800,8,0,25,600,15,20,3,2,15
20,1,26,2,1,2,1,4,1200,5,10,1,7,2250,11,0,35,400,10,15,3,2,15
20,1,26,2,1,2,1,4,1200,15,10,1,7,1800,8,6,45,400,5,10,3,2,15
21,1,27,2,1,1,2,4,1200,15,15,1,7,2250,11,6,45,800,10,15,3,2,15
21,1,27,2,1,1,2,4,1200,10,5,1,7,1800,8,6,35,400,15,20,3,2,15
21,1,27,2,1,1,2,4,1200,10,10,1,7,2250,11,3,45,600,15,20,3,2,15
21,1,27,2,1,1,2,3,1200,5,10,1,7,2700,14,6,25,600,5,10,3,2,15
21,1,27,2,1,1,2,4,1200,10,15,1,7,2250,11,0,25,400,5,10,3,2,15
21,1,27,2,1,1,2,4,1200,15,5,1,7,2700,14,3,25,400,10,15,3,2,15
22,2,23,1,2,2,2,1,1200,15,15,1,7,2250,11,6,45,800,10,15,3,2,15
22,2,23,1,2,2,2,4,1200,10,5,1,7,1800,8,6,35,400,15,20,3,2,15
22,2,23,1,2,2,2,4,1200,10,10,1,7,2250,11,3,45,600,15,20,3,2,15
22,2,23,1,2,2,2,4,1200,5,10,1,7,2700,14,6,25,600,5,10,3,2,15
22,2,23,1,2,2,2,4,1200,10,15,1,7,2250,11,0,25,400,5,10,3,2,15
22,2,23,1,2,2,2,4,1200,15,5,1,7,2700,14,3,25,400,10,15,3,2,15
23,2,26,2,1,1,2,4,1200,15,15,1,7,2250,11,6,45,800,10,15,3,2,15
23,2,26,2,1,1,2,1,1200,10,5,1,7,1800,8,6,35,400,15,20,3,2,15
23,2,26,2,1,1,2,4,1200,10,10,1,7,2250,11,3,45,600,15,20,3,2,15
23,2,26,2,1,1,2,4,1200,5,10,1,7,2700,14,6,25,600,5,10,3,2,15
23,2,26,2,1,1,2,4,1200,10,15,1,7,2250,11,0,25,400,5,10,3,2,15
23,2,26,2,1,1,2,4,1200,15,5,1,7,2700,14,3,25,400,10,15,3,2,15
24,2,26,1,2,2,1,4,1200,10,5,1,7,2700,14,0,45,800,5,10,3,2,15
24,2,26,1,2,2,1,1,1200,5,5,1,7,2250,11,6,25,800,15,20,3,2,15
24,2,26,1,2,2,1,4,1200,5,15,1,7,1800,8,3,35,800,5,10,3,2,15
24,2,26,1,2,2,1,4,1200,15,15,1,7,1800,8,0,25,600,15,20,3,2,15
24,2,26,1,2,2,1,1,1200,5,10,1,7,2250,11,0,35,400,10,15,3,2,15
24,2,26,1,2,2,1,4,1200,15,10,1,7,1800,8,6,45,400,5,10,3,2,15
25,2,28,2,1,1,2,4,1200,15,15,1,7,2250,11,6,45,800,10,15,3,2,15
25,2,28,2,1,1,2,1,1200,10,5,1,7,1800,8,6,35,400,15,20,3,2,15
25,2,28,2,1,1,2,1,1200,10,10,1,7,2250,11,3,45,600,15,20,3,2,15
25,2,28,2,1,1,2,3,1200,5,10,1,7,2700,14,6,25,600,5,10,3,2,15
25,2,28,2,1,1,2,3,1200,10,15,1,7,2250,11,0,25,400,5,10,3,2,15
25,2,28,2,1,1,2,3,1200,15,5,1,7,2700,14,3,25,400,10,15,3,2,15
26,2,27,1,1,2,3,3,1200,5,15,1,7,2700,14,3,45,400,15,20,3,2,15
26,2,27,1,1,2,3,3,1200,15,5,1,7,2250,11,3,35,600,5,10,3,2,15
26,2,27,1,1,2,3,3,1200,5,5,1,7,1800,8,0,45,600,10,15,3,2,15
26,2,27,1,1,2,3,3,1200,10,10,1,7,1800,8,3,25,800,10,15,3,2,15
26,2,27,1,1,2,3,3,1200,10,15,1,7,2700,14,6,35,600,10,15,3,2,15
26,2,27,1,1,2,3,3,1200,15,10,1,7,2700,14,0,35,800,15,20,3,2,15
27,1,22,1,1,1,1,4,1200,10,5,1,7,2700,14,0,45,800,5,10,3,2,15
27,1,22,1,1,1,1,1,1200,5,5,1,7,2250,11,6,25,800,15,20,3,2,15
27,1,22,1,1,1,1,4,1200,5,15,1,7,1800,8,3,35,800,5,10,3,2,15
27,1,22,1,1,1,1,4,1200,15,15,1,7,1800,8,0,25,600,15,20,3,2,15
27,1,22,1,1,1,1,4,1200,5,10,1,7,2250,11,0,35,400,10,15,3,2,15
27,1,22,1,1,1,1,4,1200,15,10,1,7,1800,8,6,45,400,5,10,3,2,15
28,2,25,1,2,1,3,4,1200,5,15,1,7,2700,14,3,45,400,15,20,3,2,15
28,2,25,1,2,1,3,4,1200,15,5,1,7,2250,11,3,35,600,5,10,3,2,15
28,2,25,1,2,1,3,4,1200,5,5,1,7,1800,8,0,45,600,10,15,3,2,15
28,2,25,1,2,1,3,4,1200,10,10,1,7,1800,8,3,25,800,10,15,3,2,15
28,2,25,1,2,1,3,4,1200,10,15,1,7,2700,14,6,35,600,10,15,3,2,15
28,2,25,1,2,1,3,4,1200,15,10,1,7,2700,14,0,35,800,15,20,3,2,15
29,2,27,2,1,2,3,4,1200,5,15,1,7,2700,14,3,45,400,15,20,3,2,15
29,2,27,2,1,2,3,4,1200,15,5,1,7,2250,11,3,35,600,5,10,3,2,15
29,2,27,2,1,2,3,1,1200,5,5,1,7,1800,8,0,45,600,10,15,3,2,15
29,2,27,2,1,2,3,4,1200,10,10,1,7,1800,8,3,25,800,10,15,3,2,15
29,2,27,2,1,2,3,4,1200,10,15,1,7,2700,14,6,35,600,10,15,3,2,15
29,2,27,2,1,2,3,1,1200,15,10,1,7,2700,14,0,35,800,15,20,3,2,15
30,1,22,1,1,2,3,1,1200,5,15,1,7,2700,14,3,45,400,15,20,3,2,15
30,1,22,1,1,2,3,4,1200,15,5,1,7,2250,11,3,35,600,5,10,3,2,15
30,1,22,1,1,2,3,1,1200,5,5,1,7,1800,8,0,45,600,10,15,3,2,15
30,1,22,1,1,2,3,4,1200,10,10,1,7,1800,8,3,25,800,10,15,3,2,15
30,1,22,1,1,2,3,4,1200,10,15,1,7,2700,14,6,35,600,10,15,3,2,15
30,1,22,1,1,2,3,4,1200,15,10,1,7,2700,14,0,35,800,15,20,3,2,15
31,2,22,1,1,1,2,1,1200,15,15,1,7,2250,11,6,45,800,10,15,3,2,15
31,2,22,1,1,1,2,4,1200,10,5,1,7,1800,8,6,35,400,15,20,3,2,15
31,2,22,1,1,1,2,4,1200,10,10,1,7,2250,11,3,45,600,15,20,3,2,15
31,2,22,1,1,1,2,3,1200,5,10,1,7,2700,14,6,25,600,5,10,3,2,15
31,2,22,1,1,1,2,3,1200,10,15,1,7,2250,11,0,25,400,5,10,3,2,15
31,2,22,1,1,1,2,1,1200,15,5,1,7,2700,14,3,25,400,10,15,3,2,15
32,1,22,1,1,2,1,1,1200,10,5,1,7,2700,14,0,45,800,5,10,3,2,15
32,1,22,1,1,2,1,1,1200,5,5,1,7,2250,11,6,25,800,15,20,3,2,15
32,1,22,1,1,2,1,4,1200,5,15,1,7,1800,8,3,35,800,5,10,3,2,15
32,1,22,1,1,2,1,4,1200,15,15,1,7,1800,8,0,25,600,15,20,3,2,15
32,1,22,1,1,2,1,4,1200,5,10,1,7,2250,11,0,35,400,10,15,3,2,15
32,1,22,1,1,2,1,4,1200,15,10,1,7,1800,8,6,45,400,5,10,3,2,15
33,2,23,1,1,1,1,4,1200,10,5,1,7,2700,14,0,45,800,5,10,3,2,15
33,2,23,1,1,1,1,4,1200,5,5,1,7,2250,11,6,25,800,15,20,3,2,15
33,2,23,1,1,1,1,4,1200,5,15,1,7,1800,8,3,35,800,5,10,3,2,15
33,2,23,1,1,1,1,4,1200,15,15,1,7,1800,8,0,25,600,15,20,3,2,15
33,2,23,1,1,1,1,4,1200,5,10,1,7,2250,11,0,35,400,10,15,3,2,15
33,2,23,1,1,1,1,4,1200,15,10,1,7,1800,8,6,45,400,5,10,3,2,15
34,2,22,1,1,1,3,2,1200,5,15,1,7,2700,14,3,45,400,15,20,3,2,15
34,2,22,1,1,1,3,2,1200,15,5,1,7,2250,11,3,35,600,5,10,3,2,15
34,2,22,1,1,1,3,2,1200,5,5,1,7,1800,8,0,45,600,10,15,3,2,15
34,2,22,1,1,1,3,2,1200,10,10,1,7,1800,8,3,25,800,10,15,3,2,15
34,2,22,1,1,1,3,2,1200,10,15,1,7,2700,14,6,35,600,10,15,3,2,15
34,2,22,1,1,1,3,2,1200,15,10,1,7,2700,14,0,35,800,15,20,3,2,15
35,1,21,1,1,1,3,4,1200,5,15,1,7,2700,14,3,45,400,15,20,3,2,15
35,1,21,1,1,1,3,1,1200,15,5,1,7,2250,11,3,35,600,5,10,3,2,15
35,1,21,1,1,1,3,1,1200,5,5,1,7,1800,8,0,45,600,10,15,3,2,15
35,1,21,1,1,1,3,4,1200,10,10,1,7,1800,8,3,25,800,10,15,3,2,15
35,1,21,1,1,1,3,4,1200,10,15,1,7,2700,14,6,35,600,10,15,3,2,15
35,1,21,1,1,1,3,1,1200,15,10,1,7,2700,14,0,35,800,15,20,3,2,15
36,1,22,1,1,2,3,1,1200,5,15,1,7,2700,14,3,45,400,15,20,3,2,15
36,1,22,1,1,2,3,1,1200,15,5,1,7,2250,11,3,35,600,5,10,3,2,15
36,1,22,1,1,2,3,1,1200,5,5,1,7,1800,8,0,45,600,10,15,3,2,15
36,1,22,1,1,2,3,1,1200,10,10,1,7,1800,8,3,25,800,10,15,3,2,15
36,1,22,1,1,2,3,4,1200,10,15,1,7,2700,14,6,35,600,10,15,3,2,15
36,1,22,1,1,2,3,4,1200,15,10,1,7,2700,14,0,35,800,15,20,3,2,15
37,2,24,1,1,1,2,1,1200,15,15,1,7,2250,11,6,45,800,10,15,3,2,15
37,2,24,1,1,1,2,1,1200,10,5,1,7,1800,8,6,35,400,15,20,3,2,15
37,2,24,1,1,1,2,4,1200,10,10,1,7,2250,11,3,45,600,15,20,3,2,15
37,2,24,1,1,1,2,3,1200,5,10,1,7,2700,14,6,25,600,5,10,3,2,15
37,2,24,1,1,1,2,3,1200,10,15,1,7,2250,11,0,25,400,5,10,3,2,15
37,2,24,1,1,1,2,3,1200,15,5,1,7,2700,14,3,25,400,10,15,3,2,15
38,1,34,2,1,1,3,1,1200,5,15,1,7,2700,14,3,45,400,15,20,3,2,15
38,1,34,2,1,1,3,1,1200,15,5,1,7,2250,11,3,35,600,5,10,3,2,15
38,1,34,2,1,1,3,1,1200,5,5,1,7,1800,8,0,45,600,10,15,3,2,15
38,1,34,2,1,1,3,3,1200,10,10,1,7,1800,8,3,25,800,10,15,3,2,15
38,1,34,2,1,1,3,4,1200,10,15,1,7,2700,14,6,35,600,10,15,3,2,15
38,1,34,2,1,1,3,1,1200,15,10,1,7,2700,14,0,35,800,15,20,3,2,15
39,1,27,1,1,1,2,2,1200,15,15,1,7,2250,11,6,45,800,10,15,3,2,15
39,1,27,1,1,1,2,2,1200,10,5,1,7,1800,8,6,35,400,15,20,3,2,15
39,1,27,1,1,1,2,2,1200,10,10,1,7,2250,11,3,45,600,15,20,3,2,15
39,1,27,1,1,1,2,2,1200,5,10,1,7,2700,14,6,25,600,5,10,3,2,15
39,1,27,1,1,1,2,2,1200,10,15,1,7,2250,11,0,25,400,5,10,3,2,15
39,1,27,1,1,1,2,2,1200,15,5,1,7,2700,14,3,25,400,10,15,3,2,15
40,2,24,1,1,2,2,2,1200,15,15,1,7,2250,11,6,45,800,10,15,3,2,15
40,2,24,1,1,2,2,2,1200,10,5,1,7,1800,8,6,35,400,15,20,3,2,15
40,2,24,1,1,2,2,2,1200,10,10,1,7,2250,11,3,45,600,15,20,3,2,15
40,2,24,1,1,2,2,1,1200,5,10,1,7,2700,14,6,25,600,5,10,3,2,15
40,2,24,1,1,2,2,4,1200,10,15,1,7,2250,11,0,25,400,5,10,3,2,15
40,2,24,1,1,2,2,1,1200,15,5,1,7,2700,14,3,25,400,10,15,3,2,15
41,2,30,2,2,1,1,4,1200,10,5,1,7,2700,14,0,45,800,5,10,3,2,15
41,2,30,2,2,1,1,1,1200,5,5,1,7,2250,11,6,25,800,15,20,3,2,15
41,2,30,2,2,1,1,4,1200,5,15,1,7,1800,8,3,35,800,5,10,3,2,15
41,2,30,2,2,1,1,2,1200,15,15,1,7,1800,8,0,25,600,15,20,3,2,15
41,2,30,2,2,1,1,4,1200,5,10,1,7,2250,11,0,35,400,10,15,3,2,15
41,2,30,2,2,1,1,4,1200,15,10,1,7,1800,8,6,45,400,5,10,3,2,15
42,2,23,1,1,2,2,2,1200,15,15,1,7,2250,11,6,45,800,10,15,3,2,15
42,2,23,1,1,2,2,1,1200,10,5,1,7,1800,8,6,35,400,15,20,3,2,15
42,2,23,1,1,2,2,2,1200,10,10,1,7,2250,11,3,45,600,15,20,3,2,15
42,2,23,1,1,2,2,4,1200,5,10,1,7,2700,14,6,25,600,5,10,3,2,15
42,2,23,1,1,2,2,2,1200,10,15,1,7,2250,11,0,25,400,5,10,3,2,15
42,2,23,1,1,2,2,2,1200,15,5,1,7,2700,14,3,25,400,10,15,3,2,15
43,1,26,1,1,2,1,4,1200,10,5,1,7,2700,14,0,45,800,5,10,3,2,15
43,1,26,1,1,2,1,3,1200,5,5,1,7,2250,11,6,25,800,15,20,3,2,15
43,1,26,1,1,2,1,4,1200,5,15,1,7,1800,8,3,35,800,5,10,3,2,15
43,1,26,1,1,2,1,3,1200,15,15,1,7,1800,8,0,25,600,15,20,3,2,15
43,1,26,1,1,2,1,4,1200,5,10,1,7,2250,11,0,35,400,10,15,3,2,15
43,1,26,1,1,2,1,4,1200,15,10,1,7,1800,8,6,45,400,5,10,3,2,15
44,1,22,1,1,1,1,4,1200,10,5,1,7,2700,14,0,45,800,5,10,3,2,15
44,1,22,1,1,1,1,1,1200,5,5,1,7,2250,11,6,25,800,15,20,3,2,15
44,1,22,1,1,1,1,4,1200,5,15,1,7,1800,8,3,35,800,5,10,3,2,15
44,1,22,1,1,1,1,2,1200,15,15,1,7,1800,8,0,25,600,15,20,3,2,15
44,1,22,1,1,1,1,4,1200,5,10,1,7,2250,11,0,35,400,10,15,3,2,15
44,1,22,1,1,1,1,4,1200,15,10,1,7,1800,8,6,45,400,5,10,3,2,15
45,2,23,1,2,1,1,4,1200,10,5,1,7,2700,14,0,45,800,5,10,3,2,15
45,2,23,1,2,1,1,1,1200,5,5,1,7,2250,11,6,25,800,15,20,3,2,15
45,2,23,1,2,1,1,4,1200,5,15,1,7,1800,8,3,35,800,5,10,3,2,15
45,2,23,1,2,1,1,2,1200,15,15,1,7,1800,8,0,25,600,15,20,3,2,15
45,2,23,1,2,1,1,1,1200,5,10,1,7,2250,11,0,35,400,10,15,3,2,15
45,2,23,1,2,1,1,2,1200,15,10,1,7,1800,8,6,45,400,5,10,3,2,15
46,2,22,1,1,1,2,1,1200,15,15,1,7,2250,11,6,45,800,10,15,3,2,15
46,2,22,1,1,1,2,1,1200,10,5,1,7,1800,8,6,35,400,15,20,3,2,15
46,2,22,1,1,1,2,1,1200,10,10,1,7,2250,11,3,45,600,15,20,3,2,15
46,2,22,1,1,1,2,3,1200,5,10,1,7,2700,14,6,25,600,5,10,3,2,15
46,2,22,1,1,1,2,3,1200,10,15,1,7,2250,11,0,25,400,5,10,3,2,15
46,2,22,1,1,1,2,3,1200,15,5,1,7,2700,14,3,25,400,10,15,3,2,15
47,2,22,1,1,1,2,4,1200,15,15,1,7,2250,11,6,45,800,10,15,3,2,15
47,2,22,1,1,1,2,3,1200,10,5,1,7,1800,8,6,35,400,15,20,3,2,15
47,2,22,1,1,1,2,4,1200,10,10,1,7,2250,11,3,45,600,15,20,3,2,15
47,2,22,1,1,1,2,3,1200,5,10,1,7,2700,14,6,25,600,5,10,3,2,15
47,2,22,1,1,1,2,3,1200,10,15,1,7,2250,11,0,25,400,5,10,3,2,15
47,2,22,1,1,1,2,3,1200,15,5,1,7,2700,14,3,25,400,10,15,3,2,15
48,2,21,1,1,1,3,4,1200,5,15,1,7,2700,14,3,45,400,15,20,3,2,15
48,2,21,1,1,1,3,3,1200,15,5,1,7,2250,11,3,35,600,5,10,3,2,15
48,2,21,1,1,1,3,2,1200,5,5,1,7,1800,8,0,45,600,10,15,3,2,15
48,2,21,1,1,1,3,3,1200,10,10,1,7,1800,8,3,25,800,10,15,3,2,15
48,2,21,1,1,1,3,3,1200,10,15,1,7,2700,14,6,35,600,10,15,3,2,15
48,2,21,1,1,1,3,3,1200,15,10,1,7,2700,14,0,35,800,15,20,3,2,15
49,2,25,1,1,1,1,2,1200,10,5,1,7,2700,14,0,45,800,5,10,3,2,15
49,2,25,1,1,1,1,2,1200,5,5,1,7,2250,11,6,25,800,15,20,3,2,15
49,2,25,1,1,1,1,2,1200,5,15,1,7,1800,8,3,35,800,5,10,3,2,15
49,2,25,1,1,1,1,2,1200,15,15,1,7,1800,8,0,25,600,15,20,3,2,15
49,2,25,1,1,1,1,2,1200,5,10,1,7,2250,11,0,35,400,10,15,3,2,15
49,2,25,1,1,1,1,2,1200,15,10,1,7,1800,8,6,45,400,5,10,3,2,15
50,2,27,1,1,1,3,4,1200,5,15,1,7,2700,14,3,45,400,15,20,3,2,15
50,2,27,1,1,1,3,4,1200,15,5,1,7,2250,11,3,35,600,5,10,3,2,15
50,2,27,1,1,1,3,1,1200,5,5,1,7,1800,8,0,45,600,10,15,3,2,15
50,2,27,1,1,1,3,1,1200,10,10,1,7,1800,8,3,25,800,10,15,3,2,15
50,2,27,1,1,1,3,4,1200,10,15,1,7,2700,14,6,35,600,10,15,3,2,15
50,2,27,1,1,1,3,1,1200,15,10,1,7,2700,14,0,35,800,15,20,3,2,15
51,2,21,1,3,1,1,1,1200,10,5,1,7,2700,14,0,45,800,5,10,3,2,15
51,2,21,1,3,1,1,1,1200,5,5,1,7,2250,11,6,25,800,15,20,3,2,15
51,2,21,1,3,1,1,1,1200,5,15,1,7,1800,8,3,35,800,5,10,3,2,15
51,2,21,1,3,1,1,1,1200,15,15,1,7,1800,8,0,25,600,15,20,3,2,15
51,2,21,1,3,1,1,4,1200,5,10,1,7,2250,11,0,35,400,10,15,3,2,15
51,2,21,1,3,1,1,4,1200,15,10,1,7,1800,8,6,45,400,5,10,3,2,15
52,2,24,1,1,1,3,2,1200,5,15,1,7,2700,14,3,45,400,15,20,3,2,15
52,2,24,1,1,1,3,4,1200,15,5,1,7,2250,11,3,35,600,5,10,3,2,15
52,2,24,1,1,1,3,1,1200,5,5,1,7,1800,8,0,45,600,10,15,3,2,15
52,2,24,1,1,1,3,2,1200,10,10,1,7,1800,8,3,25,800,10,15,3,2,15
52,2,24,1,1,1,3,2,1200,10,15,1,7,2700,14,6,35,600,10,15,3,2,15
52,2,24,1,1,1,3,2,1200,15,10,1,7,2700,14,0,35,800,15,20,3,2,15
53,1,21,1,1,1,1,4,1200,10,5,1,7,2700,14,0,45,800,5,10,3,2,15
53,1,21,1,1,1,1,1,1200,5,5,1,7,2250,11,6,25,800,15,20,3,2,15
53,1,21,1,1,1,1,4,1200,5,15,1,7,1800,8,3,35,800,5,10,3,2,15
53,1,21,1,1,1,1,4,1200,15,15,1,7,1800,8,0,25,600,15,20,3,2,15
53,1,21,1,1,1,1,4,1200,5,10,1,7,2250,11,0,35,400,10,15,3,2,15
53,1,21,1,1,1,1,4,1200,15,10,1,7,1800,8,6,45,400,5,10,3,2,15
54,1,22,1,1,1,1,1,1200,10,5,1,7,2700,14,0,45,800,5,10,3,2,15
54,1,22,1,1,1,1,1,1200,5,5,1,7,2250,11,6,25,800,15,20,3,2,15
54,1,22,1,1,1,1,4,1200,5,15,1,7,1800,8,3,35,800,5,10,3,2,15
54,1,22,1,1,1,1,2,1200,15,15,1,7,1800,8,0,25,600,15,20,3,2,15
54,1,22,1,1,1,1,1,1200,5,10,1,7,2250,11,0,35,400,10,15,3,2,15
54,1,22,1,1,1,1,4,1200,15,10,1,7,1800,8,6,45,400,5,10,3,2,15
55,2,25,1,2,1,1,4,1200,10,5,1,7,2700,14,0,45,800,5,10,3,2,15
55,2,25,1,2,1,1,3,1200,5,5,1,7,2250,11,6,25,800,15,20,3,2,15
55,2,25,1,2,1,1,4,1200,5,15,1,7,1800,8,3,35,800,5,10,3,2,15
55,2,25,1,2,1,1,3,1200,15,15,1,7,1800,8,0,25,600,15,20,3,2,15
55,2,25,1,2,1,1,4,1200,5,10,1,7,2250,11,0,35,400,10,15,3,2,15
55,2,25,1,2,1,1,4,1200,15,10,1,7,1800,8,6,45,400,5,10,3,2,15
56,1,21,1,3,1,3,1,1200,5,15,1,7,2700,14,3,45,400,15,20,3,2,15
56,1,21,1,3,1,3,4,1200,15,5,1,7,2250,11,3,35,600,5,10,3,2,15
56,1,21,1,3,1,3,1,1200,5,5,1,7,1800,8,0,45,600,10,15,3,2,15
56,1,21,1,3,1,3,2,1200,10,10,1,7,1800,8,3,25,800,10,15,3,2,15
56,1,21,1,3,1,3,1,1200,10,15,1,7,2700,14,6,35,600,10,15,3,2,15
56,1,21,1,3,1,3,2,1200,15,10,1,7,2700,14,0,35,800,15,20,3,2,15
57,1,22,1,1,2,1,1,1200,10,5,1,7,2700,14,0,45,800,5,10,3,2,15
57,1,22,1,1,2,1,3,1200,5,5,1,7,2250,11,6,25,800,15,20,3,2,15
57,1,22,1,1,2,1,4,1200,5,15,1,7,1800,8,3,35,800,5,10,3,2,15
57,1,22,1,1,2,1,3,1200,15,15,1,7,1800,8,0,25,600,15,20,3,2,15
57,1,22,1,1,2,1,4,1200,5,10,1,7,2250,11,0,35,400,10,15,3,2,15
57,1,22,1,1,2,1,4,1200,15,10,1,7,1800,8,6,45,400,5,10,3,2,15
58,1,22,1,2,2,3,4,1200,5,15,1,7,2700,14,3,45,400,15,20,3,2,15
58,1,22,1,2,2,3,4,1200,15,5,1,7,2250,11,3,35,600,5,10,3,2,15
58,1,22,1,2,2,3,4,1200,5,5,1,7,1800,8,0,45,600,10,15,3,2,15
58,1,22,1,2,2,3,3,1200,10,10,1,7,1800,8,3,25,800,10,15,3,2,15
58,1,22,1,2,2,3,4,1200,10,15,1,7,2700,14,6,35,600,10,15,3,2,15
58,1,22,1,2,2,3,3,1200,15,10,1,7,2700,14,0,35,800,15,20,3,2,15
59,2,23,1,1,2,2,4,1200,15,15,1,7,2250,11,6,45,800,10,15,3,2,15
59,2,23,1,1,2,2,4,1200,10,5,1,7,1800,8,6,35,400,15,20,3,2,15
59,2,23,1,1,2,2,4,1200,10,10,1,7,2250,11,3,45,600,15,20,3,2,15
59,2,23,1,1,2,2,4,1200,5,10,1,7,2700,14,6,25,600,5,10,3,2,15
59,2,23,1,1,2,2,4,1200,10,15,1,7,2250,11,0,25,400,5,10,3,2,15
59,2,23,1,1,2,2,4,1200,15,5,1,7,2700,14,3,25,400,10,15,3,2,15
60,1,21,1,2,1,1,4,1200,10,5,1,7,2700,14,0,45,800,5,10,3,2,15
60,1,21,1,2,1,1,3,1200,5,5,1,7,2250,11,6,25,800,15,20,3,2,15
60,1,21,1,2,1,1,2,1200,5,15,1,7,1800,8,3,35,800,5,10,3,2,15
60,1,21,1,2,1,1,2,1200,15,15,1,7,1800,8,0,25,600,15,20,3,2,15
60,1,21,1,2,1,1,4,1200,5,10,1,7,2250,11,0,35,400,10,15,3,2,15
60,1,21,1,2,1,1,4,1200,15,10,1,7,1800,8,6,45,400,5,10,3,2,15
61,1,22,1,1,1,3,1,1200,5,15,1,7,2700,14,3,45,400,15,20,3,2,15
61,1,22,1,1,1,3,1,1200,15,5,1,7,2250,11,3,35,600,5,10,3,2,15
61,1,22,1,1,1,3,1,1200,5,5,1,7,1800,8,0,45,600,10,15,3,2,15
61,1,22,1,1,1,3,1,1200,10,10,1,7,1800,8,3,25,800,10,15,3,2,15
61,1,22,1,1,1,3,1,1200,10,15,1,7,2700,14,6,35,600,10,15,3,2,15
61,1,22,1,1,1,3,1,1200,15,10,1,7,2700,14,0,35,800,15,20,3,2,15
62,2,21,1,2,1,3,2,1200,5,15,1,7,2700,14,3,45,400,15,20,3,2,15
62,2,21,1,2,1,3,4,1200,15,5,1,7,2250,11,3,35,600,5,10,3,2,15
62,2,21,1,2,1,3,1,1200,5,5,1,7,1800,8,0,45,600,10,15,3,2,15
62,2,21,1,2,1,3,1,1200,10,10,1,7,1800,8,3,25,800,10,15,3,2,15
62,2,21,1,2,1,3,4,1200,10,15,1,7,2700,14,6,35,600,10,15,3,2,15
62,2,21,1,2,1,3,4,1200,15,10,1,7,2700,14,0,35,800,15,20,3,2,15
63,1,23,1,3,1,1,4,1200,10,5,1,7,2700,14,0,45,800,5,10,3,2,15
63,1,23,1,3,1,1,2,1200,5,5,1,7,2250,11,6,25,800,15,20,3,2,15
63,1,23,1,3,1,1,2,1200,5,15,1,7,1800,8,3,35,800,5,10,3,2,15
63,1,23,1,3,1,1,2,1200,15,15,1,7,1800,8,0,25,600,15,20,3,2,15
63,1,23,1,3,1,1,2,1200,5,10,1,7,2250,11,0,35,400,10,15,3,2,15
63,1,23,1,3,1,1,4,1200,15,10,1,7,1800,8,6,45,400,5,10,3,2,15
64,2,24,1,1,1,3,1,1200,5,15,1,7,2700,14,3,45,400,15,20,3,2,15
64,2,24,1,1,1,3,4,1200,15,5,1,7,2250,11,3,35,600,5,10,3,2,15
64,2,24,1,1,1,3,2,1200,5,5,1,7,1800,8,0,45,600,10,15,3,2,15
64,2,24,1,1,1,3,3,1200,10,10,1,7,1800,8,3,25,800,10,15,3,2,15
64,2,24,1,1,1,3,3,1200,10,15,1,7,2700,14,6,35,600,10,15,3,2,15
64,2,24,1,1,1,3,3,1200,15,10,1,7,2700,14,0,35,800,15,20,3,2,15
65,2,22,1,1,1,2,4,1200,15,15,1,7,2250,11,6,45,800,10,15,3,2,15
65,2,22,1,1,1,2,1,1200,10,5,1,7,1800,8,6,35,400,15,20,3,2,15
65,2,22,1,1,1,2,1,1200,10,10,1,7,2250,11,3,45,600,15,20,3,2,15
65,2,22,1,1,1,2,1,1200,5,10,1,7,2700,14,6,25,600,5,10,3,2,15
65,2,22,1,1,1,2,4,1200,10,15,1,7,2250,11,0,25,400,5,10,3,2,15
65,2,22,1,1,1,2,1,1200,15,5,1,7,2700,14,3,25,400,10,15,3,2,15
66,2,20,1,1,2,1,4,1200,10,5,1,7,2700,14,0,45,800,5,10,3,2,15
66,2,20,1,1,2,1,1,1200,5,5,1,7,2250,11,6,25,800,15,20,3,2,15
66,2,20,1,1,2,1,2,1200,5,15,1,7,1800,8,3,35,800,5,10,3,2,15
66,2,20,1,1,2,1,3,1200,15,15,1,7,1800,8,0,25,600,15,20,3,2,15
66,2,20,1,1,2,1,4,1200,5,10,1,7,2250,11,0,35,400,10,15,3,2,15
66,2,20,1,1,2,1,4,1200,15,10,1,7,1800,8,6,45,400,5,10,3,2,15
67,2,23,1,1,1,3,4,1200,5,15,1,7,2700,14,3,45,400,15,20,3,2,15
67,2,23,1,1,1,3,4,1200,15,5,1,7,2250,11,3,35,600,5,10,3,2,15
67,2,23,1,1,1,3,1,1200,5,5,1,7,1800,8,0,45,600,10,15,3,2,15
67,2,23,1,1,1,3,4,1200,10,10,1,7,1800,8,3,25,800,10,15,3,2,15
67,2,23,1,1,1,3,4,1200,10,15,1,7,2700,14,6,35,600,10,15,3,2,15
67,2,23,1,1,1,3,4,1200,15,10,1,7,2700,14,0,35,800,15,20,3,2,15
68,1,22,1,1,1,2,4,1200,15,15,1,7,2250,11,6,45,800,10,15,3,2,15
68,1,22,1,1,1,2,4,1200,10,5,1,7,1800,8,6,35,400,15,20,3,2,15
68,1,22,1,1,1,2,4,1200,10,10,1,7,2250,11,3,45,600,15,20,3,2,15
68,1,22,1,1,1,2,3,1200,5,10,1,7,2700,14,6,25,600,5,10,3,2,15
68,1,22,1,1,1,2,3,1200,10,15,1,7,2250,11,0,25,400,5,10,3,2,15
68,1,22,1,1,1,2,3,1200,15,5,1,7,2700,14,3,25,400,10,15,3,2,15
69,1,22,1,2,1,1,4,1200,10,5,1,7,2700,14,0,45,800,5,10,3,2,15
69,1,22,1,2,1,1,1,1200,5,5,1,7,2250,11,6,25,800,15,20,3,2,15
69,1,22,1,2,1,1,4,1200,5,15,1,7,1800,8,3,35,800,5,10,3,2,15
69,1,22,1,2,1,1,2,1200,15,15,1,7,1800,8,0,25,600,15,20,3,2,15
69,1,22,1,2,1,1,1,1200,5,10,1,7,2250,11,0,35,400,10,15,3,2,15
69,1,22,1,2,1,1,4,1200,15,10,1,7,1800,8,6,45,400,5,10,3,2,15
70,2,22,1,1,1,3,1,1200,5,15,1,7,2700,14,3,45,400,15,20,3,2,15
70,2,22,1,1,1,3,1,1200,15,5,1,7,2250,11,3,35,600,5,10,3,2,15
70,2,22,1,1,1,3,3,1200,5,5,1,7,1800,8,0,45,600,10,15,3,2,15
70,2,22,1,1,1,3,1,1200,10,10,1,7,1800,8,3,25,800,10,15,3,2,15
70,2,22,1,1,1,3,1,1200,10,15,1,7,2700,14,6,35,600,10,15,3,2,15
70,2,22,1,1,1,3,1,1200,15,10,1,7,2700,14,0,35,800,15,20,3,2,15
71,1,22,1,2,1,2,1,1200,15,15,1,7,2250,11,6,45,800,10,15,3,2,15
71,1,22,1,2,1,2,2,1200,10,5,1,7,1800,8,6,35,400,15,20,3,2,15
71,1,22,1,2,1,2,4,1200,10,10,1,7,2250,11,3,45,600,15,20,3,2,15
71,1,22,1,2,1,2,4,1200,5,10,1,7,2700,14,6,25,600,5,10,3,2,15
71,1,22,1,2,1,2,4,1200,10,15,1,7,2250,11,0,25,400,5,10,3,2,15
71,1,22,1,2,1,2,4,1200,15,5,1,7,2700,14,3,25,400,10,15,3,2,15
72,2,24,1,3,1,3,1,1200,5,15,1,7,2700,14,3,45,400,15,20,3,2,15
72,2,24,1,3,1,3,4,1200,15,5,1,7,2250,11,3,35,600,5,10,3,2,15
72,2,24,1,3,1,3,1,1200,5,5,1,7,1800,8,0,45,600,10,15,3,2,15
72,2,24,1,3,1,3,3,1200,10,10,1,7,1800,8,3,25,800,10,15,3,2,15
72,2,24,1,3,1,3,4,1200,10,15,1,7,2700,14,6,35,600,10,15,3,2,15
72,2,24,1,3,1,3,4,1200,15,10,1,7,2700,14,0,35,800,15,20,3,2,15
73,2,21,1,1,1,3,2,1200,5,15,1,7,2700,14,3,45,400,15,20,3,2,15
73,2,21,1,1,1,3,4,1200,15,5,1,7,2250,11,3,35,600,5,10,3,2,15
73,2,21,1,1,1,3,2,1200,5,5,1,7,1800,8,0,45,600,10,15,3,2,15
73,2,21,1,1,1,3,2,1200,10,10,1,7,1800,8,3,25,800,10,15,3,2,15
73,2,21,1,1,1,3,4,1200,10,15,1,7,2700,14,6,35,600,10,15,3,2,15
73,2,21,1,1,1,3,2,1200,15,10,1,7,2700,14,0,35,800,15,20,3,2,15
74,1,23,1,1,2,2,1,1200,15,15,1,7,2250,11,6,45,800,10,15,3,2,15
74,1,23,1,1,2,2,1,1200,10,5,1,7,1800,8,6,35,400,15,20,3,2,15
74,1,23,1,1,2,2,1,1200,10,10,1,7,2250,11,3,45,600,15,20,3,2,15
74,1,23,1,1,2,2,4,1200,5,10,1,7,2700,14,6,25,600,5,10,3,2,15
74,1,23,1,1,2,2,2,1200,10,15,1,7,2250,11,0,25,400,5,10,3,2,15
74,1,23,1,1,2,2,4,1200,15,5,1,7,2700,14,3,25,400,10,15,3,2,15
75,2,26,1,1,2,2,4,1200,15,15,1,7,2250,11,6,45,800,10,15,3,2,15
75,2,26,1,1,2,2,4,1200,10,5,1,7,1800,8,6,35,400,15,20,3,2,15
75,2,26,1,1,2,2,4,1200,10,10,1,7,2250,11,3,45,600,15,20,3,2,15
75,2,26,1,1,2,2,3,1200,5,10,1,7,2700,14,6,25,600,5,10,3,2,15
75,2,26,1,1,2,2,2,1200,10,15,1,7,2250,11,0,25,400,5,10,3,2,15
75,2,26,1,1,2,2,3,1200,15,5,1,7,2700,14,3,25,400,10,15,3,2,15
76,1,23,1,2,1,3,4,1200,5,15,1,7,2700,14,3,45,400,15,20,3,2,15
76,1,23,1,2,1,3,4,1200,15,5,1,7,2250,11,3,35,600,5,10,3,2,15
76,1,23,1,2,1,3,4,1200,5,5,1,7,1800,8,0,45,600,10,15,3,2,15
76,1,23,1,2,1,3,4,1200,10,10,1,7,1800,8,3,25,800,10,15,3,2,15
76,1,23,1,2,1,3,4,1200,10,15,1,7,2700,14,6,35,600,10,15,3,2,15
76,1,23,1,2,1,3,4,1200,15,10,1,7,2700,14,0,35,800,15,20,3,2,15
77,1,25,2,1,1,2,2,1200,15,15,1,7,2250,11,6,45,800,10,15,3,2,15
77,1,25,2,1,1,2,1,1200,10,5,1,7,1800,8,6,35,400,15,20,3,2,15
77,1,25,2,1,1,2,2,1200,10,10,1,7,2250,11,3,45,600,15,20,3,2,15
77,1,25,2,1,1,2,1,1200,5,10,1,7,2700,14,6,25,600,5,10,3,2,15
77,1,25,2,1,1,2,4,1200,10,15,1,7,2250,11,0,25,400,5,10,3,2,15
77,1,25,2,1,1,2,1,1200,15,5,1,7,2700,14,3,25,400,10,15,3,2,15
78,1,21,1,1,1,2,4,1200,15,15,1,7,2250,11,6,45,800,10,15,3,2,15
78,1,21,1,1,1,2,1,1200,10,5,1,7,1800,8,6,35,400,15,20,3,2,15
78,1,21,1,1,1,2,2,1200,10,10,1,7,2250,11,3,45,600,15,20,3,2,15
78,1,21,1,1,1,2,4,1200,5,10,1,7,2700,14,6,25,600,5,10,3,2,15
78,1,21,1,1,1,2,2,1200,10,15,1,7,2250,11,0,25,400,5,10,3,2,15
78,1,21,1,1,1,2,1,1200,15,5,1,7,2700,14,3,25,400,10,15,3,2,15
79,2,23,1,1,1,1,4,1200,10,5,1,7,2700,14,0,45,800,5,10,3,2,15
79,2,23,1,1,1,1,1,1200,5,5,1,7,2250,11,6,25,800,15,20,3,2,15
79,2,23,1,1,1,1,4,1200,5,15,1,7,1800,8,3,35,800,5,10,3,2,15
79,2,23,1,1,1,1,2,1200,15,15,1,7,1800,8,0,25,600,15,20,3,2,15
79,2,23,1,1,1,1,1,1200,5,10,1,7,2250,11,0,35,400,10,15,3,2,15
79,2,23,1,1,1,1,4,1200,15,10,1,7,1800,8,6,45,400,5,10,3,2,15
80,1,22,1,1,1,3,1,1200,5,15,1,7,2700,14,3,45,400,15,20,3,2,15
80,1,22,1,1,1,3,4,1200,15,5,1,7,2250,11,3,35,600,5,10,3,2,15
80,1,22,1,1,1,3,1,1200,5,5,1,7,1800,8,0,45,600,10,15,3,2,15
80,1,22,1,1,1,3,2,1200,10,10,1,7,1800,8,3,25,800,10,15,3,2,15
80,1,22,1,1,1,3,1,1200,10,15,1,7,2700,14,6,35,600,10,15,3,2,15
80,1,22,1,1,1,3,2,1200,15,10,1,7,2700,14,0,35,800,15,20,3,2,15
81,2,22,1,3,1,1,4,1200,10,5,1,7,2700,14,0,45,800,5,10,3,2,15
81,2,22,1,3,1,1,1,1200,5,5,1,7,2250,11,6,25,800,15,20,3,2,15
81,2,22,1,3,1,1,4,1200,5,15,1,7,1800,8,3,35,800,5,10,3,2,15
81,2,22,1,3,1,1,2,1200,15,15,1,7,1800,8,0,25,600,15,20,3,2,15
81,2,22,1,3,1,1,1,1200,5,10,1,7,2250,11,0,35,400,10,15,3,2,15
81,2,22,1,3,1,1,4,1200,15,10,1,7,1800,8,6,45,400,5,10,3,2,15
82,1,22,1,1,2,1,1,1200,10,5,1,7,2700,14,0,45,800,5,10,3,2,15
82,1,22,1,1,2,1,1,1200,5,5,1,7,2250,11,6,25,800,15,20,3,2,15
82,1,22,1,1,2,1,4,1200,5,15,1,7,1800,8,3,35,800,5,10,3,2,15
82,1,22,1,1,2,1,4,1200,15,15,1,7,1800,8,0,25,600,15,20,3,2,15
82,1,22,1,1,2,1,4,1200,5,10,1,7,2250,11,0,35,400,10,15,3,2,15
82,1,22,1,1,2,1,4,1200,15,10,1,7,1800,8,6,45,400,5,10,3,2,15
83,2,22,1,2,1,1,1,1200,10,5,1,7,2700,14,0,45,800,5,10,3,2,15
83,2,22,1,2,1,1,1,1200,5,5,1,7,2250,11,6,25,800,15,20,3,2,15
83,2,22,1,2,1,1,4,1200,5,15,1,7,1800,8,3,35,800,5,10,3,2,15
83,2,22,1,2,1,1,2,1200,15,15,1,7,1800,8,0,25,600,15,20,3,2,15
83,2,22,1,2,1,1,1,1200,5,10,1,7,2250,11,0,35,400,10,15,3,2,15
83,2,22,1,2,1,1,2,1200,15,10,1,7,1800,8,6,45,400,5,10,3,2,15
84,2,21,1,3,1,3,4,1200,5,15,1,7,2700,14,3,45,400,15,20,3,2,15
84,2,21,1,3,1,3,2,1200,15,5,1,7,2250,11,3,35,600,5,10,3,2,15
84,2,21,1,3,1,3,2,1200,5,5,1,7,1800,8,0,45,600,10,15,3,2,15
84,2,21,1,3,1,3,2,1200,10,10,1,7,1800,8,3,25,800,10,15,3,2,15
84,2,21,1,3,1,3,1,1200,10,15,1,7,2700,14,6,35,600,10,15,3,2,15
84,2,21,1,3,1,3,2,1200,15,10,1,7,2700,14,0,35,800,15,20,3,2,15
85,1,22,1,1,1,2,4,1200,15,15,1,7,2250,11,6,45,800,10,15,3,2,15
85,1,22,1,1,1,2,1,1200,10,5,1,7,1800,8,6,35,400,15,20,3,2,15
85,1,22,1,1,1,2,4,1200,10,10,1,7,2250,11,3,45,600,15,20,3,2,15
85,1,22,1,1,1,2,3,1200,5,10,1,7,2700,14,6,25,600,5,10,3,2,15
85,1,22,1,1,1,2,4,1200,10,15,1,7,2250,11,0,25,400,5,10,3,2,15
85,1,22,1,1,1,2,4,1200,15,5,1,7,2700,14,3,25,400,10,15,3,2,15
86,1,22,1,1,1,1,1,1200,10,5,1,7,2700,14,0,45,800,5,10,3,2,15
86,1,22,1,1,1,1,2,1200,5,5,1,7,2250,11,6,25,800,15,20,3,2,15
86,1,22,1,1,1,1,4,1200,5,15,1,7,1800,8,3,35,800,5,10,3,2,15
86,1,22,1,1,1,1,4,1200,15,15,1,7,1800,8,0,25,600,15,20,3,2,15
86,1,22,1,1,1,1,4,1200,5,10,1,7,2250,11,0,35,400,10,15,3,2,15
86,1,22,1,1,1,1,2,1200,15,10,1,7,1800,8,6,45,400,5,10,3,2,15
87,2,23,1,1,1,2,4,1200,15,15,1,7,2250,11,6,45,800,10,15,3,2,15
87,2,23,1,1,1,2,4,1200,10,5,1,7,1800,8,6,35,400,15,20,3,2,15
87,2,23,1,1,1,2,1,1200,10,10,1,7,2250,11,3,45,600,15,20,3,2,15
87,2,23,1,1,1,2,3,1200,5,10,1,7,2700,14,6,25,600,5,10,3,2,15
87,2,23,1,1,1,2,4,1200,10,15,1,7,2250,11,0,25,400,5,10,3,2,15
87,2,23,1,1,1,2,4,1200,15,5,1,7,2700,14,3,25,400,10,15,3,2,15
88,2,23,1,1,1,3,4,1200,5,15,1,7,2700,14,3,45,400,15,20,3,2,15
88,2,23,1,1,1,3,4,1200,15,5,1,7,2250,11,3,35,600,5,10,3,2,15
88,2,23,1,1,1,3,1,1200,5,5,1,7,1800,8,0,45,600,10,15,3,2,15
88,2,23,1,1,1,3,3,1200,10,10,1,7,1800,8,3,25,800,10,15,3,2,15
88,2,23,1,1,1,3,4,1200,10,15,1,7,2700,14,6,35,600,10,15,3,2,15
88,2,23,1,1,1,3,4,1200,15,10,1,7,2700,14,0,35,800,15,20,3,2,15
89,1,22,2,1,1,1,4,1200,10,5,1,7,2700,14,0,45,800,5,10,3,2,15
89,1,22,2,1,1,1,1,1200,5,5,1,7,2250,11,6,25,800,15,20,3,2,15
89,1,22,2,1,1,1,4,1200,5,15,1,7,1800,8,3,35,800,5,10,3,2,15
89,1,22,2,1,1,1,2,1200,15,15,1,7,1800,8,0,25,600,15,20,3,2,15
89,1,22,2,1,1,1,4,1200,5,10,1,7,2250,11,0,35,400,10,15,3,2,15
89,1,22,2,1,1,1,4,1200,15,10,1,7,1800,8,6,45,400,5,10,3,2,15
90,1,24,1,3,1,1,1,1200,10,5,1,7,2700,14,0,45,800,5,10,3,2,15
90,1,24,1,3,1,1,1,1200,5,5,1,7,2250,11,6,25,800,15,20,3,2,15
90,1,24,1,3,1,1,4,1200,5,15,1,7,1800,8,3,35,800,5,10,3,2,15
90,1,24,1,3,1,1,2,1200,15,15,1,7,1800,8,0,25,600,15,20,3,2,15
90,1,24,1,3,1,1,1,1200,5,10,1,7,2250,11,0,35,400,10,15,3,2,15
90,1,24,1,3,1,1,2,1200,15,10,1,7,1800,8,6,45,400,5,10,3,2,15
91,1,24,1,1,2,2,4,1200,15,15,1,7,2250,11,6,45,800,10,15,3,2,15
91,1,24,1,1,2,2,1,1200,10,5,1,7,1800,8,6,35,400,15,20,3,2,15
91,1,24,1,1,2,2,4,1200,10,10,1,7,2250,11,3,45,600,15,20,3,2,15
91,1,24,1,1,2,2,4,1200,5,10,1,7,2700,14,6,25,600,5,10,3,2,15
91,1,24,1,1,2,2,4,1200,10,15,1,7,2250,11,0,25,400,5,10,3,2,15
91,1,24,1,1,2,2,4,1200,15,5,1,7,2700,14,3,25,400,10,15,3,2,15
92,2,24,1,2,1,2,2,1200,15,15,1,7,2250,11,6,45,800,10,15,3,2,15
92,2,24,1,2,1,2,2,1200,10,5,1,7,1800,8,6,35,400,15,20,3,2,15
92,2,24,1,2,1,2,1,1200,10,10,1,7,2250,11,3,45,600,15,20,3,2,15
92,2,24,1,2,1,2,4,1200,5,10,1,7,2700,14,6,25,600,5,10,3,2,15
92,2,24,1,2,1,2,4,1200,10,15,1,7,2250,11,0,25,400,5,10,3,2,15
92,2,24,1,2,1,2,4,1200,15,5,1,7,2700,14,3,25,400,10,15,3,2,15
93,2,21,1,1,2,2,4,1200,15,15,1,7,2250,11,6,45,800,10,15,3,2,15
93,2,21,1,1,2,2,1,1200,10,5,1,7,1800,8,6,35,400,15,20,3,2,15
93,2,21,1,1,2,2,2,1200,10,10,1,7,2250,11,3,45,600,15,20,3,2,15
93,2,21,1,1,2,2,1,1200,5,10,1,7,2700,14,6,25,600,5,10,3,2,15
93,2,21,1,1,2,2,4,1200,10,15,1,7,2250,11,0,25,400,5,10,3,2,15
93,2,21,1,1,2,2,3,1200,15,5,1,7,2700,14,3,25,400,10,15,3,2,15
94,2,22,1,2,1,2,4,1200,15,15,1,7,2250,11,6,45,800,10,15,3,2,15
94,2,22,1,2,1,2,2,1200,10,5,1,7,1800,8,6,35,400,15,20,3,2,15
94,2,22,1,2,1,2,4,1200,10,10,1,7,2250,11,3,45,600,15,20,3,2,15
94,2,22,1,2,1,2,1,1200,5,10,1,7,2700,14,6,25,600,5,10,3,2,15
94,2,22,1,2,1,2,4,1200,10,15,1,7,2250,11,0,25,400,5,10,3,2,15
94,2,22,1,2,1,2,4,1200,15,5,1,7,2700,14,3,25,400,10,15,3,2,15
95,1,22,1,1,2,1,4,1200,10,5,1,7,2700,14,0,45,800,5,10,3,2,15
95,1,22,1,1,2,1,1,1200,5,5,1,7,2250,11,6,25,800,15,20,3,2,15
95,1,22,1,1,2,1,4,1200,5,15,1,7,1800,8,3,35,800,5,10,3,2,15
95,1,22,1,1,2,1,2,1200,15,15,1,7,1800,8,0,25,600,15,20,3,2,15
95,1,22,1,1,2,1,1,1200,5,10,1,7,2250,11,0,35,400,10,15,3,2,15
95,1,22,1,1,2,1,4,1200,15,10,1,7,1800,8,6,45,400,5,10,3,2,15
96,1,23,1,1,2,3,1,1200,5,15,1,7,2700,14,3,45,400,15,20,3,2,15
96,1,23,1,1,2,3,4,1200,15,5,1,7,2250,11,3,35,600,5,10,3,2,15
96,1,23,1,1,2,3,1,1200,5,5,1,7,1800,8,0,45,600,10,15,3,2,15
96,1,23,1,1,2,3,4,1200,10,10,1,7,1800,8,3,25,800,10,15,3,2,15
96,1,23,1,1,2,3,4,1200,10,15,1,7,2700,14,6,35,600,10,15,3,2,15
96,1,23,1,1,2,3,1,1200,15,10,1,7,2700,14,0,35,800,15,20,3,2,15
97,1,22,1,2,1,1,4,1200,10,5,1,7,2700,14,0,45,800,5,10,3,2,15
97,1,22,1,2,1,1,1,1200,5,5,1,7,2250,11,6,25,800,15,20,3,2,15
97,1,22,1,2,1,1,4,1200,5,15,1,7,1800,8,3,35,800,5,10,3,2,15
97,1,22,1,2,1,1,2,1200,15,15,1,7,1800,8,0,25,600,15,20,3,2,15
97,1,22,1,2,1,1,4,1200,5,10,1,7,2250,11,0,35,400,10,15,3,2,15
97,1,22,1,2,1,1,4,1200,15,10,1,7,1800,8,6,45,400,5,10,3,2,15
98,2,23,1,1,1,1,4,1200,10,5,1,7,2700,14,0,45,800,5,10,3,2,15
98,2,23,1,1,1,1,1,1200,5,5,1,7,2250,11,6,25,800,15,20,3,2,15
98,2,23,1,1,1,1,4,1200,5,15,1,7,1800,8,3,35,800,5,10,3,2,15
98,2,23,1,1,1,1,2,1200,15,15,1,7,1800,8,0,25,600,15,20,3,2,15
98,2,23,1,1,1,1,4,1200,5,10,1,7,2250,11,0,35,400,10,15,3,2,15
98,2,23,1,1,1,1,4,1200,15,10,1,7,1800,8,6,45,400,5,10,3,2,15
99,2,23,1,1,1,2,4,1200,15,15,1,7,2250,11,6,45,800,10,15,3,2,15
99,2,23,1,1,1,2,2,1200,10,5,1,7,1800,8,6,35,400,15,20,3,2,15
99,2,23,1,1,1,2,4,1200,10,10,1,7,2250,11,3,45,600,15,20,3,2,15
99,2,23,1,1,1,2,4,1200,5,10,1,7,2700,14,6,25,600,5,10,3,2,15
99,2,23,1,1,1,2,4,1200,10,15,1,7,2250,11,0,25,400,5,10,3,2,15
99,2,23,1,1,1,2,4,1200,15,5,1,7,2700,14,3,25,400,10,15,3,2,15
100,2,23,1,1,1,2,4,1200,15,15,1,7,2250,11,6,45,800,10,15,3,2,15
100,2,23,1,1,1,2,4,1200,10,5,1,7,1800,8,6,35,400,15,20,3,2,15
100,2,23,1,1,1,2,4,1200,10,10,1,7,2250,11,3,45,600,15,20,3,2,15
100,2,23,1,1,1,2,4,1200,5,10,1,7,2700,14,6,25,600,5,10,3,2,15
100,2,23,1,1,1,2,4,1200,10,15,1,7,2250,11,0,25,400,5,10,3,2,15
100,2,23,1,1,1,2,4,1200,15,5,1,7,2700,14,3,25,400,10,15,3,2,15
